[
   {
      "inputs": [
         {
            "internalType": "uint256",
            "name": "_price",
            "type": "uint256"
         },
         {
            "internalType": "address",
            "name": "_presaleToken",
            "type": "address"
         },
         {
            "internalType": "address",
            "name": "_feeReciever",
            "type": "address"
         }
      ],
      "stateMutability": "nonpayable",
      "type": "constructor"
   },
   {
      "inputs": [],
      "name": "RescueFunds",
      "outputs": [],
      "stateMutability": "nonpayable",
      "type": "function"
   },
   {
      "inputs": [
         {
            "internalType": "contract IERC20",
            "name": "_add",
            "type": "address"
         },
         {
            "internalType": "uint256",
            "name": "_amount",
            "type": "uint256"
         },
         {
            "internalType": "address",
            "name": "_recipient",
            "type": "address"
         }
      ],
      "name": "RescueTokens",
      "outputs": [],
      "stateMutability": "nonpayable",
      "type": "function"
   },
   {
      "inputs": [],
      "name": "UsdtoBnb",
      "outputs": [
         {
            "internalType": "uint256",
            "name": "",
            "type": "uint256"
         }
      ],
      "stateMutability": "view",
      "type": "function"
   },
   {
      "inputs": [],
      "name": "allBuyers",
      "outputs": [
         {
            "internalType": "uint256",
            "name": "",
            "type": "uint256"
         }
      ],
      "stateMutability": "view",
      "type": "function"
   },
   {
      "inputs": [],
      "name": "busd",
      "outputs": [
         {
            "internalType": "contract IERC20",
            "name": "",
            "type": "address"
         }
      ],
      "stateMutability": "view",
      "type": "function"
   },
   {
      "inputs": [
         {
            "internalType": "uint256",
            "name": "",
            "type": "uint256"
         }
      ],
      "name": "buyers",
      "outputs": [
         {
            "internalType": "address",
            "name": "",
            "type": "address"
         }
      ],
      "stateMutability": "view",
      "type": "function"
   },
   {
      "inputs": [
         {
            "internalType": "uint256",
            "name": "_pid",
            "type": "uint256"
         },
         {
            "internalType": "address payable",
            "name": "ref",
            "type": "address"
         },
         {
            "internalType": "uint256",
            "name": "amount",
            "type": "uint256"
         }
      ],
      "name": "buyfromToken",
      "outputs": [],
      "stateMutability": "payable",
      "type": "function"
   },
   {
      "inputs": [
         {
            "internalType": "address",
            "name": "_newRec",
            "type": "address"
         }
      ],
      "name": "changeFeeReciever",
      "outputs": [],
      "stateMutability": "nonpayable",
      "type": "function"
   },
   {
      "inputs": [],
      "name": "contractBalance",
      "outputs": [
         {
            "internalType": "uint256",
            "name": "",
            "type": "uint256"
         }
      ],
      "stateMutability": "view",
      "type": "function"
   },
   {
      "inputs": [],
      "name": "feeReciever",
      "outputs": [
         {
            "internalType": "address",
            "name": "",
            "type": "address"
         }
      ],
      "stateMutability": "view",
      "type": "function"
   },
   {
      "inputs": [
         {
            "internalType": "address",
            "name": "_user",
            "type": "address"
         }
      ],
      "name": "ikeBalance",
      "outputs": [
         {
            "internalType": "uint256",
            "name": "",
            "type": "uint256"
         }
      ],
      "stateMutability": "view",
      "type": "function"
   },
   {
      "inputs": [],
      "name": "owner",
      "outputs": [
         {
            "internalType": "address",
            "name": "",
            "type": "address"
         }
      ],
      "stateMutability": "view",
      "type": "function"
   },
   {
      "inputs": [],
      "name": "paused",
      "outputs": [
         {
            "internalType": "bool",
            "name": "",
            "type": "bool"
         }
      ],
      "stateMutability": "view",
      "type": "function"
   },
   {
      "inputs": [],
      "name": "perDollarPrice",
      "outputs": [
         {
            "internalType": "uint256",
            "name": "",
            "type": "uint256"
         }
      ],
      "stateMutability": "view",
      "type": "function"
   },
   {
      "inputs": [
         {
            "internalType": "address",
            "name": "",
            "type": "address"
         },
         {
            "internalType": "address",
            "name": "",
            "type": "address"
         }
      ],
      "name": "referral",
      "outputs": [
         {
            "internalType": "bool",
            "name": "",
            "type": "bool"
         }
      ],
      "stateMutability": "view",
      "type": "function"
   },
   {
      "inputs": [
         {
            "internalType": "address",
            "name": "_receiver",
            "type": "address"
         }
      ],
      "name": "releaseToken",
      "outputs": [],
      "stateMutability": "nonpayable",
      "type": "function"
   },
   {
      "inputs": [],
      "name": "remainingToken",
      "outputs": [
         {
            "internalType": "uint256",
            "name": "",
            "type": "uint256"
         }
      ],
      "stateMutability": "view",
      "type": "function"
   },
   {
      "inputs": [
         {
            "internalType": "address",
            "name": "_token",
            "type": "address"
         }
      ],
      "name": "setBusd",
      "outputs": [],
      "stateMutability": "nonpayable",
      "type": "function"
   },
   {
      "inputs": [
         {
            "internalType": "bool",
            "name": "_value",
            "type": "bool"
         }
      ],
      "name": "setPause",
      "outputs": [],
      "stateMutability": "nonpayable",
      "type": "function"
   },
   {
      "inputs": [
         {
            "internalType": "address",
            "name": "_token",
            "type": "address"
         }
      ],
      "name": "setToken",
      "outputs": [],
      "stateMutability": "nonpayable",
      "type": "function"
   },
   {
      "inputs": [
         {
            "internalType": "uint256",
            "name": "_price",
            "type": "uint256"
         }
      ],
      "name": "setTokenPrice",
      "outputs": [],
      "stateMutability": "nonpayable",
      "type": "function"
   },
   {
      "inputs": [
         {
            "internalType": "address",
            "name": "_token",
            "type": "address"
         }
      ],
      "name": "setUSDC",
      "outputs": [],
      "stateMutability": "nonpayable",
      "type": "function"
   },
   {
      "inputs": [
         {
            "internalType": "address",
            "name": "_token",
            "type": "address"
         }
      ],
      "name": "setUsdt",
      "outputs": [],
      "stateMutability": "nonpayable",
      "type": "function"
   },
   {
      "inputs": [],
      "name": "token",
      "outputs": [
         {
            "internalType": "contract IERC20",
            "name": "",
            "type": "address"
         }
      ],
      "stateMutability": "view",
      "type": "function"
   },
   {
      "inputs": [],
      "name": "totalSold",
      "outputs": [
         {
            "internalType": "uint256",
            "name": "",
            "type": "uint256"
         }
      ],
      "stateMutability": "view",
      "type": "function"
   },
   {
      "inputs": [
         {
            "internalType": "address",
            "name": "_newOwner",
            "type": "address"
         }
      ],
      "name": "transferOwnership",
      "outputs": [],
      "stateMutability": "nonpayable",
      "type": "function"
   },
   {
      "inputs": [],
      "name": "usdc",
      "outputs": [
         {
            "internalType": "contract IERC20",
            "name": "",
            "type": "address"
         }
      ],
      "stateMutability": "view",
      "type": "function"
   },
   {
      "inputs": [],
      "name": "usdt",
      "outputs": [
         {
            "internalType": "contract IERC20",
            "name": "",
            "type": "address"
         }
      ],
      "stateMutability": "view",
      "type": "function"
   },
   {
      "inputs": [
         {
            "internalType": "address",
            "name": "",
            "type": "address"
         }
      ],
      "name": "userBuy",
      "outputs": [
         {
            "internalType": "uint256",
            "name": "",
            "type": "uint256"
         }
      ],
      "stateMutability": "view",
      "type": "function"
   }
]