[
  {
      "anonymous": false,
      "inputs": [
          {
              "indexed": true,
              "internalType": "address",
              "name": "owner",
              "type": "address"
          },
          {
              "indexed": true,
              "internalType": "address",
              "name": "spender",
              "type": "address"
          },
          {
              "indexed": false,
              "internalType": "uint256",
              "name": "value",
              "type": "uint256"
          }
      ],
      "name": "Approval",
      "type": "event"
  },
  {
      "anonymous": false,
      "inputs": [
          {
              "indexed": false,
              "internalType": "uint8",
              "name": "version",
              "type": "uint8"
          }
      ],
      "name": "Initialized",
      "type": "event"
  },
  {
      "anonymous": false,
      "inputs": [
          {
              "indexed": true,
              "internalType": "uint256",
              "name": "epoch",
              "type": "uint256"
          },
          {
              "indexed": false,
              "internalType": "uint256",
              "name": "totalSupply",
              "type": "uint256"
          }
      ],
      "name": "LogRebase",
      "type": "event"
  },
  {
      "anonymous": false,
      "inputs": [
          {
              "indexed": true,
              "internalType": "address",
              "name": "previousOwner",
              "type": "address"
          },
          {
              "indexed": true,
              "internalType": "address",
              "name": "newOwner",
              "type": "address"
          }
      ],
      "name": "OwnershipTransferred",
      "type": "event"
  },
  {
      "anonymous": false,
      "inputs": [
          {
              "indexed": true,
              "internalType": "address",
              "name": "pair",
              "type": "address"
          },
          {
              "indexed": true,
              "internalType": "bool",
              "name": "value",
              "type": "bool"
          }
      ],
      "name": "SetAutomatedMarketMakerPair",
      "type": "event"
  },
  {
      "anonymous": false,
      "inputs": [
          {
              "indexed": true,
              "internalType": "address",
              "name": "from",
              "type": "address"
          },
          {
              "indexed": true,
              "internalType": "address",
              "name": "to",
              "type": "address"
          },
          {
              "indexed": false,
              "internalType": "uint256",
              "name": "value",
              "type": "uint256"
          }
      ],
      "name": "Transfer",
      "type": "event"
  },
  {
      "inputs": [],
      "name": "DeveloperWallet",
      "outputs": [
          {
              "internalType": "address",
              "name": "",
              "type": "address"
          }
      ],
      "stateMutability": "view",
      "type": "function"
  },
  {
      "inputs": [
          {
              "internalType": "address",
              "name": "token_",
              "type": "address"
          },
          {
              "internalType": "address",
              "name": "recipient",
              "type": "address"
          },
          {
              "internalType": "uint256",
              "name": "amount",
              "type": "uint256"
          }
      ],
      "name": "DividendRescueToken",
      "outputs": [],
      "stateMutability": "nonpayable",
      "type": "function"
  },
  {
      "inputs": [
          {
              "internalType": "address",
              "name": "",
              "type": "address"
          },
          {
              "internalType": "uint256",
              "name": "",
              "type": "uint256"
          }
      ],
      "name": "Downlines",
      "outputs": [
          {
              "internalType": "address",
              "name": "",
              "type": "address"
          }
      ],
      "stateMutability": "view",
      "type": "function"
  },
  {
      "inputs": [],
      "name": "MAX_UINT256",
      "outputs": [
          {
              "internalType": "uint256",
              "name": "",
              "type": "uint256"
          }
      ],
      "stateMutability": "view",
      "type": "function"
  },
  {
      "inputs": [],
      "name": "MarketingWallet",
      "outputs": [
          {
              "internalType": "address",
              "name": "",
              "type": "address"
          }
      ],
      "stateMutability": "view",
      "type": "function"
  },
  {
      "inputs": [],
      "name": "OceansDividendReceiver",
      "outputs": [
          {
              "internalType": "address",
              "name": "",
              "type": "address"
          }
      ],
      "stateMutability": "view",
      "type": "function"
  },
  {
      "inputs": [],
      "name": "_autoLiquidity",
      "outputs": [
          {
              "internalType": "bool",
              "name": "",
              "type": "bool"
          }
      ],
      "stateMutability": "view",
      "type": "function"
  },
  {
      "inputs": [],
      "name": "_autoRebase",
      "outputs": [
          {
              "internalType": "bool",
              "name": "",
              "type": "bool"
          }
      ],
      "stateMutability": "view",
      "type": "function"
  },
  {
      "inputs": [],
      "name": "_buyDevFee",
      "outputs": [
          {
              "internalType": "uint256",
              "name": "",
              "type": "uint256"
          }
      ],
      "stateMutability": "view",
      "type": "function"
  },
  {
      "inputs": [],
      "name": "_buyLiquidity",
      "outputs": [
          {
              "internalType": "uint256",
              "name": "",
              "type": "uint256"
          }
      ],
      "stateMutability": "view",
      "type": "function"
  },
  {
      "inputs": [],
      "name": "_buyMarketing",
      "outputs": [
          {
              "internalType": "uint256",
              "name": "",
              "type": "uint256"
          }
      ],
      "stateMutability": "view",
      "type": "function"
  },
  {
      "inputs": [],
      "name": "_buyRewards",
      "outputs": [
          {
              "internalType": "uint256",
              "name": "",
              "type": "uint256"
          }
      ],
      "stateMutability": "view",
      "type": "function"
  },
  {
      "inputs": [
          {
              "internalType": "uint256",
              "name": "",
              "type": "uint256"
          }
      ],
      "name": "_markerPairs",
      "outputs": [
          {
              "internalType": "address",
              "name": "",
              "type": "address"
          }
      ],
      "stateMutability": "view",
      "type": "function"
  },
  {
      "inputs": [],
      "name": "_sellDevFee",
      "outputs": [
          {
              "internalType": "uint256",
              "name": "",
              "type": "uint256"
          }
      ],
      "stateMutability": "view",
      "type": "function"
  },
  {
      "inputs": [],
      "name": "_sellLiquidity",
      "outputs": [
          {
              "internalType": "uint256",
              "name": "",
              "type": "uint256"
          }
      ],
      "stateMutability": "view",
      "type": "function"
  },
  {
      "inputs": [],
      "name": "_sellMarketing",
      "outputs": [
          {
              "internalType": "uint256",
              "name": "",
              "type": "uint256"
          }
      ],
      "stateMutability": "view",
      "type": "function"
  },
  {
      "inputs": [],
      "name": "_sellRewards",
      "outputs": [
          {
              "internalType": "uint256",
              "name": "",
              "type": "uint256"
          }
      ],
      "stateMutability": "view",
      "type": "function"
  },
  {
      "inputs": [],
      "name": "_totalSupply",
      "outputs": [
          {
              "internalType": "uint256",
              "name": "",
              "type": "uint256"
          }
      ],
      "stateMutability": "view",
      "type": "function"
  },
  {
      "inputs": [
          {
              "internalType": "address",
              "name": "uplineAddress",
              "type": "address"
          },
          {
              "internalType": "address",
              "name": "downlineAddress",
              "type": "address"
          }
      ],
      "name": "addMember",
      "outputs": [],
      "stateMutability": "nonpayable",
      "type": "function"
  },
  {
      "inputs": [
          {
              "internalType": "address",
              "name": "receiver",
              "type": "address"
          },
          {
              "internalType": "uint256",
              "name": "amount",
              "type": "uint256"
          }
      ],
      "name": "addReferralFee",
      "outputs": [],
      "stateMutability": "nonpayable",
      "type": "function"
  },
  {
      "inputs": [
          {
              "internalType": "address",
              "name": "owner_",
              "type": "address"
          },
          {
              "internalType": "address",
              "name": "spender",
              "type": "address"
          }
      ],
      "name": "allowance",
      "outputs": [
          {
              "internalType": "uint256",
              "name": "",
              "type": "uint256"
          }
      ],
      "stateMutability": "view",
      "type": "function"
  },
  {
      "inputs": [],
      "name": "antiBotEnabled",
      "outputs": [
          {
              "internalType": "bool",
              "name": "",
              "type": "bool"
          }
      ],
      "stateMutability": "view",
      "type": "function"
  },
  {
      "inputs": [
          {
              "internalType": "address",
              "name": "spender",
              "type": "address"
          },
          {
              "internalType": "uint256",
              "name": "value",
              "type": "uint256"
          }
      ],
      "name": "approve",
      "outputs": [
          {
              "internalType": "bool",
              "name": "",
              "type": "bool"
          }
      ],
      "stateMutability": "nonpayable",
      "type": "function"
  },
  {
      "inputs": [
          {
              "internalType": "address",
              "name": "uplineAddress",
              "type": "address"
          }
      ],
      "name": "approveReferral",
      "outputs": [],
      "stateMutability": "nonpayable",
      "type": "function"
  },
  {
      "inputs": [
          {
              "internalType": "address",
              "name": "",
              "type": "address"
          }
      ],
      "name": "automatedMarketMakerPairs",
      "outputs": [
          {
              "internalType": "bool",
              "name": "",
              "type": "bool"
          }
      ],
      "stateMutability": "view",
      "type": "function"
  },
  {
      "inputs": [
          {
              "internalType": "address",
              "name": "account",
              "type": "address"
          }
      ],
      "name": "balanceOf",
      "outputs": [
          {
              "internalType": "uint256",
              "name": "",
              "type": "uint256"
          }
      ],
      "stateMutability": "view",
      "type": "function"
  },
  {
      "inputs": [
          {
              "internalType": "address",
              "name": "",
              "type": "address"
          }
      ],
      "name": "blacklist",
      "outputs": [
          {
              "internalType": "bool",
              "name": "",
              "type": "bool"
          }
      ],
      "stateMutability": "view",
      "type": "function"
  },
  {
      "inputs": [
          {
              "internalType": "address",
              "name": "_newToken",
              "type": "address"
          }
      ],
      "name": "changeDividendToken",
      "outputs": [],
      "stateMutability": "nonpayable",
      "type": "function"
  },
  {
      "inputs": [
          {
              "internalType": "address",
              "name": "_addr",
              "type": "address"
          }
      ],
      "name": "checkFeeExempt",
      "outputs": [
          {
              "internalType": "bool",
              "name": "",
              "type": "bool"
          }
      ],
      "stateMutability": "view",
      "type": "function"
  },
  {
      "inputs": [
          {
              "internalType": "address",
              "name": "_receiver",
              "type": "address"
          }
      ],
      "name": "clearStuckBalance",
      "outputs": [],
      "stateMutability": "nonpayable",
      "type": "function"
  },
  {
      "inputs": [],
      "name": "decimals",
      "outputs": [
          {
              "internalType": "uint8",
              "name": "",
              "type": "uint8"
          }
      ],
      "stateMutability": "view",
      "type": "function"
  },
  {
      "inputs": [
          {
              "internalType": "address",
              "name": "spender",
              "type": "address"
          },
          {
              "internalType": "uint256",
              "name": "subtractedValue",
              "type": "uint256"
          }
      ],
      "name": "decreaseAllowance",
      "outputs": [
          {
              "internalType": "bool",
              "name": "",
              "type": "bool"
          }
      ],
      "stateMutability": "nonpayable",
      "type": "function"
  },
  {
      "inputs": [
          {
              "internalType": "address",
              "name": "",
              "type": "address"
          }
      ],
      "name": "downlineLookupUpline",
      "outputs": [
          {
              "internalType": "address",
              "name": "",
              "type": "address"
          }
      ],
      "stateMutability": "view",
      "type": "function"
  },
  {
      "inputs": [
          {
              "internalType": "bool",
              "name": "_value",
              "type": "bool"
          }
      ],
      "name": "enableDisableAntiBot",
      "outputs": [],
      "stateMutability": "nonpayable",
      "type": "function"
  },
  {
      "inputs": [],
      "name": "feeDenominator",
      "outputs": [
          {
              "internalType": "uint256",
              "name": "",
              "type": "uint256"
          }
      ],
      "stateMutability": "view",
      "type": "function"
  },
  {
      "inputs": [],
      "name": "getCirculatingSupply",
      "outputs": [
          {
              "internalType": "uint256",
              "name": "",
              "type": "uint256"
          }
      ],
      "stateMutability": "view",
      "type": "function"
  },
  {
      "inputs": [
          {
              "internalType": "address",
              "name": "sender",
              "type": "address"
          }
      ],
      "name": "getDownlines",
      "outputs": [
          {
              "internalType": "address[]",
              "name": "",
              "type": "address[]"
          }
      ],
      "stateMutability": "view",
      "type": "function"
  },
  {
      "inputs": [
          {
              "internalType": "uint256",
              "name": "accuracy",
              "type": "uint256"
          }
      ],
      "name": "getLiquidityBacking",
      "outputs": [
          {
              "internalType": "uint256",
              "name": "",
              "type": "uint256"
          }
      ],
      "stateMutability": "view",
      "type": "function"
  },
  {
      "inputs": [
          {
              "internalType": "address",
              "name": "receiver",
              "type": "address"
          }
      ],
      "name": "getReferralTotalFee",
      "outputs": [
          {
              "internalType": "uint256",
              "name": "",
              "type": "uint256"
          }
      ],
      "stateMutability": "view",
      "type": "function"
  },
  {
      "inputs": [],
      "name": "getTotalUpline",
      "outputs": [
          {
              "internalType": "uint256",
              "name": "",
              "type": "uint256"
          }
      ],
      "stateMutability": "view",
      "type": "function"
  },
  {
      "inputs": [
          {
              "internalType": "address",
              "name": "sender",
              "type": "address"
          }
      ],
      "name": "getUpline",
      "outputs": [
          {
              "internalType": "address",
              "name": "",
              "type": "address"
          }
      ],
      "stateMutability": "view",
      "type": "function"
  },
  {
      "inputs": [
          {
              "internalType": "uint256",
              "name": "iIndex",
              "type": "uint256"
          }
      ],
      "name": "getUplineAddressByIndex",
      "outputs": [
          {
              "internalType": "address",
              "name": "",
              "type": "address"
          }
      ],
      "stateMutability": "view",
      "type": "function"
  },
  {
      "inputs": [],
      "name": "gonSwapThreshold",
      "outputs": [
          {
              "internalType": "uint256",
              "name": "",
              "type": "uint256"
          }
      ],
      "stateMutability": "view",
      "type": "function"
  },
  {
      "inputs": [],
      "name": "iTotalUplines",
      "outputs": [
          {
              "internalType": "uint256",
              "name": "",
              "type": "uint256"
          }
      ],
      "stateMutability": "view",
      "type": "function"
  },
  {
      "inputs": [
          {
              "internalType": "address",
              "name": "spender",
              "type": "address"
          },
          {
              "internalType": "uint256",
              "name": "addedValue",
              "type": "uint256"
          }
      ],
      "name": "increaseAllowance",
      "outputs": [
          {
              "internalType": "bool",
              "name": "",
              "type": "bool"
          }
      ],
      "stateMutability": "nonpayable",
      "type": "function"
  },
  {
      "inputs": [
          {
              "internalType": "address",
              "name": "",
              "type": "address"
          }
      ],
      "name": "isDividendExempt",
      "outputs": [
          {
              "internalType": "bool",
              "name": "",
              "type": "bool"
          }
      ],
      "stateMutability": "view",
      "type": "function"
  },
  {
      "inputs": [
          {
              "internalType": "uint256",
              "name": "target",
              "type": "uint256"
          },
          {
              "internalType": "uint256",
              "name": "accuracy",
              "type": "uint256"
          }
      ],
      "name": "isOverLiquified",
      "outputs": [
          {
              "internalType": "bool",
              "name": "",
              "type": "bool"
          }
      ],
      "stateMutability": "view",
      "type": "function"
  },
  {
      "inputs": [],
      "name": "manualRebase",
      "outputs": [],
      "stateMutability": "nonpayable",
      "type": "function"
  },
  {
      "inputs": [],
      "name": "manualSync",
      "outputs": [],
      "stateMutability": "nonpayable",
      "type": "function"
  },
  {
      "inputs": [],
      "name": "name",
      "outputs": [
          {
              "internalType": "string",
              "name": "",
              "type": "string"
          }
      ],
      "stateMutability": "view",
      "type": "function"
  },
  {
      "inputs": [],
      "name": "nextRebase",
      "outputs": [
          {
              "internalType": "uint256",
              "name": "",
              "type": "uint256"
          }
      ],
      "stateMutability": "view",
      "type": "function"
  },
  {
      "inputs": [],
      "name": "nexthalving",
      "outputs": [
          {
              "internalType": "uint256",
              "name": "",
              "type": "uint256"
          }
      ],
      "stateMutability": "view",
      "type": "function"
  },
  {
      "inputs": [],
      "name": "owner",
      "outputs": [
          {
              "internalType": "address",
              "name": "",
              "type": "address"
          }
      ],
      "stateMutability": "view",
      "type": "function"
  },
  {
      "inputs": [],
      "name": "pair",
      "outputs": [
          {
              "internalType": "address",
              "name": "",
              "type": "address"
          }
      ],
      "stateMutability": "view",
      "type": "function"
  },
  {
      "inputs": [],
      "name": "pinkAntiBot",
      "outputs": [
          {
              "internalType": "contract IPinkAntiBot",
              "name": "",
              "type": "address"
          }
      ],
      "stateMutability": "view",
      "type": "function"
  },
  {
      "inputs": [],
      "name": "quickSetting",
      "outputs": [],
      "stateMutability": "nonpayable",
      "type": "function"
  },
  {
      "inputs": [],
      "name": "rebaseFrequency",
      "outputs": [
          {
              "internalType": "uint256",
              "name": "",
              "type": "uint256"
          }
      ],
      "stateMutability": "view",
      "type": "function"
  },
  {
      "inputs": [],
      "name": "referee",
      "outputs": [
          {
              "internalType": "uint256",
              "name": "",
              "type": "uint256"
          }
      ],
      "stateMutability": "view",
      "type": "function"
  },
  {
      "inputs": [
          {
              "internalType": "address",
              "name": "",
              "type": "address"
          }
      ],
      "name": "referralCount",
      "outputs": [
          {
              "internalType": "uint256",
              "name": "",
              "type": "uint256"
          }
      ],
      "stateMutability": "view",
      "type": "function"
  },
  {
      "inputs": [
          {
              "internalType": "address",
              "name": "",
              "type": "address"
          }
      ],
      "name": "referralTotalFeeReceived",
      "outputs": [
          {
              "internalType": "uint256",
              "name": "",
              "type": "uint256"
          }
      ],
      "stateMutability": "view",
      "type": "function"
  },
  {
      "inputs": [],
      "name": "referrer",
      "outputs": [
          {
              "internalType": "uint256",
              "name": "",
              "type": "uint256"
          }
      ],
      "stateMutability": "view",
      "type": "function"
  },
  {
      "inputs": [],
      "name": "renounceOwnership",
      "outputs": [],
      "stateMutability": "nonpayable",
      "type": "function"
  },
  {
      "inputs": [
          {
              "internalType": "address",
              "name": "tokenAddress",
              "type": "address"
          },
          {
              "internalType": "uint256",
              "name": "tokens",
              "type": "uint256"
          }
      ],
      "name": "rescueToken",
      "outputs": [
          {
              "internalType": "bool",
              "name": "success",
              "type": "bool"
          }
      ],
      "stateMutability": "nonpayable",
      "type": "function"
  },
  {
      "inputs": [],
      "name": "rewardYield",
      "outputs": [
          {
              "internalType": "uint256",
              "name": "",
              "type": "uint256"
          }
      ],
      "stateMutability": "view",
      "type": "function"
  },
  {
      "inputs": [],
      "name": "rewardYieldDenominator",
      "outputs": [
          {
              "internalType": "uint256",
              "name": "",
              "type": "uint256"
          }
      ],
      "stateMutability": "view",
      "type": "function"
  },
  {
      "inputs": [],
      "name": "router",
      "outputs": [
          {
              "internalType": "contract IPancakeSwapRouter",
              "name": "",
              "type": "address"
          }
      ],
      "stateMutability": "view",
      "type": "function"
  },
  {
      "inputs": [
          {
              "internalType": "bool",
              "name": "AuRebase",
              "type": "bool"
          }
      ],
      "name": "setAutoRebase",
      "outputs": [],
      "stateMutability": "nonpayable",
      "type": "function"
  },
  {
      "inputs": [
          {
              "internalType": "address",
              "name": "_pair",
              "type": "address"
          },
          {
              "internalType": "bool",
              "name": "_value",
              "type": "bool"
          }
      ],
      "name": "setAutomatedMarketMakerPair",
      "outputs": [],
      "stateMutability": "nonpayable",
      "type": "function"
  },
  {
      "inputs": [
          {
              "internalType": "address",
              "name": "_botAddress",
              "type": "address"
          },
          {
              "internalType": "bool",
              "name": "_flag",
              "type": "bool"
          }
      ],
      "name": "setBotBlacklist",
      "outputs": [],
      "stateMutability": "nonpayable",
      "type": "function"
  },
  {
      "inputs": [
          {
              "internalType": "uint256",
              "name": "_minPeriod",
              "type": "uint256"
          },
          {
              "internalType": "uint256",
              "name": "_minDistribution",
              "type": "uint256"
          }
      ],
      "name": "setDistributionCriteria",
      "outputs": [],
      "stateMutability": "nonpayable",
      "type": "function"
  },
  {
      "inputs": [
          {
              "internalType": "uint256",
              "name": "gas",
              "type": "uint256"
          }
      ],
      "name": "setDistributorSettings",
      "outputs": [],
      "stateMutability": "nonpayable",
      "type": "function"
  },
  {
      "inputs": [
          {
              "internalType": "address",
              "name": "holder",
              "type": "address"
          },
          {
              "internalType": "bool",
              "name": "exempt",
              "type": "bool"
          }
      ],
      "name": "setIsDividendExempt",
      "outputs": [],
      "stateMutability": "nonpayable",
      "type": "function"
  },
  {
      "inputs": [
          {
              "internalType": "uint256",
              "name": "_nextRebase",
              "type": "uint256"
          }
      ],
      "name": "setNextRebase",
      "outputs": [],
      "stateMutability": "nonpayable",
      "type": "function"
  },
  {
      "inputs": [
          {
              "internalType": "uint256",
              "name": "_rebaseFrequency",
              "type": "uint256"
          }
      ],
      "name": "setRebaseFrequency",
      "outputs": [],
      "stateMutability": "nonpayable",
      "type": "function"
  },
  {
      "inputs": [
          {
              "internalType": "bool",
              "name": "_status",
              "type": "bool"
          }
      ],
      "name": "setRebaseSync",
      "outputs": [],
      "stateMutability": "nonpayable",
      "type": "function"
  },
  {
      "inputs": [
          {
              "internalType": "uint256",
              "name": "_refeem",
              "type": "uint256"
          },
          {
              "internalType": "uint256",
              "name": "_refer",
              "type": "uint256"
          }
      ],
      "name": "setReferralCommission",
      "outputs": [],
      "stateMutability": "nonpayable",
      "type": "function"
  },
  {
      "inputs": [
          {
              "internalType": "uint256",
              "name": "_rewardYield",
              "type": "uint256"
          },
          {
              "internalType": "uint256",
              "name": "_rewardYieldDenominator",
              "type": "uint256"
          }
      ],
      "name": "setRewardYield",
      "outputs": [],
      "stateMutability": "nonpayable",
      "type": "function"
  },
  {
      "inputs": [
          {
              "internalType": "uint256",
              "name": "_threshold",
              "type": "uint256"
          }
      ],
      "name": "setSwapThreshold",
      "outputs": [],
      "stateMutability": "nonpayable",
      "type": "function"
  },
  {
      "inputs": [
          {
              "internalType": "address",
              "name": "_addr",
              "type": "address"
          }
      ],
      "name": "setWhitelist",
      "outputs": [],
      "stateMutability": "nonpayable",
      "type": "function"
  },
  {
      "inputs": [],
      "name": "symbol",
      "outputs": [
          {
              "internalType": "string",
              "name": "",
              "type": "string"
          }
      ],
      "stateMutability": "view",
      "type": "function"
  },
  {
      "inputs": [],
      "name": "totalSupply",
      "outputs": [
          {
              "internalType": "uint256",
              "name": "",
              "type": "uint256"
          }
      ],
      "stateMutability": "view",
      "type": "function"
  },
  {
      "inputs": [
          {
              "internalType": "address",
              "name": "to",
              "type": "address"
          },
          {
              "internalType": "uint256",
              "name": "value",
              "type": "uint256"
          }
      ],
      "name": "transfer",
      "outputs": [
          {
              "internalType": "bool",
              "name": "",
              "type": "bool"
          }
      ],
      "stateMutability": "nonpayable",
      "type": "function"
  },
  {
      "inputs": [
          {
              "internalType": "address",
              "name": "from",
              "type": "address"
          },
          {
              "internalType": "address",
              "name": "to",
              "type": "address"
          },
          {
              "internalType": "uint256",
              "name": "value",
              "type": "uint256"
          }
      ],
      "name": "transferFrom",
      "outputs": [
          {
              "internalType": "bool",
              "name": "",
              "type": "bool"
          }
      ],
      "stateMutability": "nonpayable",
      "type": "function"
  },
  {
      "inputs": [
          {
              "internalType": "address",
              "name": "newOwner",
              "type": "address"
          }
      ],
      "name": "transferOwnership",
      "outputs": [],
      "stateMutability": "nonpayable",
      "type": "function"
  },
  {
      "inputs": [
          {
              "internalType": "uint256",
              "name": "",
              "type": "uint256"
          }
      ],
      "name": "uplineList",
      "outputs": [
          {
              "internalType": "address",
              "name": "",
              "type": "address"
          }
      ],
      "stateMutability": "view",
      "type": "function"
  },
  {
      "stateMutability": "payable",
      "type": "receive"
  }
]